{
	"schemaVersion": 1,
	"id": "viridesce",
	"version": "${version}",
	"name": "Viridesce",
	"description": "This is an example description! Tell everyone what your mod is about!",
	"authors": [
		"Me!"
	],
	"contact": {
		"homepage": "https://fabricmc.net/",
		"sources": "https://github.com/FabricMC/fabric-example-mod"
	},
	"license": "CC0-1.0",
	"icon": "assets/viridesce/icon.png",
	"environment": "*",
	"entrypoints": {
		"main": [
			"com.lwbuchanan.viridesce.Viridesce"
		],
		"client": [
			"com.lwbuchanan.viridesce.ViridesceClient"
		]
	},
	"mixins": [
		"viridesce.mixins.json",
		{
			"config": "viridesce.client.mixins.json",
			"environment": "client"
		}
	],
	"depends": {
		"fabricloader": ">=0.16.10",
		"minecraft": "~1.21.4",
		"java": ">=21",
		"fabric-api": "*"
	},
	"suggests": {
		"another-mod": "*"
	}
}